{
  "n_train": 46535,
  "n_test": 11634,
  "at_risk_rate": 0.12250511440801802,
  "roc_auc": 0.8785375820784207,
  "pr_auc": 0.41117679241586147,
  "report": {
    "0": {
      "precision": 0.8847196711274381,
      "recall": 0.9907924380448624,
      "f1-score": 0.9347564920062841,
      "support": 10209.0
    },
    "1": {
      "precision": 0.5323383084577115,
      "recall": 0.07508771929824562,
      "f1-score": 0.13161131611316113,
      "support": 1425.0
    },
    "accuracy": 0.8786315970431494,
    "macro avg": {
      "precision": 0.7085289897925748,
      "recall": 0.532940078671554,
      "f1-score": 0.5331839040597226,
      "support": 11634.0
    },
    "weighted avg": {
      "precision": 0.8415579518731523,
      "recall": 0.8786315970431494,
      "f1-score": 0.8363825986207158,
      "support": 11634.0
    }
  }
}