{
  "n_train": 46535,
  "n_test": 11634,
  "base_rate": 0.2899826367996699,
  "roc_auc": 0.6753772259308113,
  "pr_auc": 0.4746800728315278,
  "report": {
    "0": {
      "precision": 0.7916381082933516,
      "recall": 0.6991525423728814,
      "f1-score": 0.742526518804243,
      "support": 8260.0
    },
    "1": {
      "precision": 0.4272873934086195,
      "recall": 0.5494961470065205,
      "f1-score": 0.4807467911318553,
      "support": 3374.0
    },
    "accuracy": 0.6557503867973182,
    "macro avg": {
      "precision": 0.6094627508509856,
      "recall": 0.6243243446897009,
      "f1-score": 0.6116366549680492,
      "support": 11634.0
    },
    "weighted avg": {
      "precision": 0.6859720164916422,
      "recall": 0.6557503867973182,
      "f1-score": 0.6666072476020223,
      "support": 11634.0
    }
  }
}